# time,current,ang.x, ang.y, ang.z, rate.x, rate.y, rate.z, accel.total, fall time, fall current
3.416666666666666519e+00,0.000000000000000000e+00,0.000000000000000000e+00,0.000000000000000000e+00,0.000000000000000000e+00,0.000000000000000000e+00,0.000000000000000000e+00,0.000000000000000000e+00,0.000000000000000000e+00,3.416666666666666519e+00,0.000000000000000000e+00
